epoch,time,train/box_loss,train/pose_loss,train/kobj_loss,train/cls_loss,train/dfl_loss,metrics/precision(B),metrics/recall(B),metrics/mAP50(B),metrics/mAP50-95(B),metrics/precision(P),metrics/recall(P),metrics/mAP50(P),metrics/mAP50-95(P),val/box_loss,val/pose_loss,val/kobj_loss,val/cls_loss,val/dfl_loss,lr/pg0,lr/pg1,lr/pg2
1,34.247,3.04603,83.8994,9.58674,5.0692,3.52154,0,0,0,0,0,0,0,0,3.81054,94.7482,3.28618,5.81147,8.44094,0.000653333,0.000653333,0.000653333
2,60.3489,2.39573,67.1227,5.22975,1.15323,3.17804,0.01843,0.36364,0.01469,0.00588,0,0,0,0,1.95791,92.9804,10.8004,9.2726,9.88337,0.00131129,0.00131129,0.00131129
3,85.752,2.08549,57.7842,3.77799,1.10586,2.85034,0.05556,0.90909,0.06032,0.02207,0,0,0,0,2.80715,99.7502,0.02611,337.05,24.0549,0.00196044,0.00196044,0.00196044
4,111.024,1.79149,49.7692,3.7797,1.06024,2.6037,0.04135,1,0.06958,0.03155,0,0,0,0,1.25431,99.6854,2.01205,633.76,23.7036,0.0019604,0.0019604,0.0019604
5,136.43,1.48986,40.6976,3.82052,0.89355,2.20589,0.221,1,0.56649,0.46974,0,0,0,0,0.87627,66.6798,0.84934,13.1369,1.692,0.0019472,0.0019472,0.0019472
6,161.044,1.24307,38.706,3.12922,0.86967,2.05413,0.70653,1,0.96731,0.72508,0.01783,0.09091,0.00653,0.00065,0.841,42.7784,0.95002,3.56353,1.808,0.001934,0.001934,0.001934
7,186.645,1.07019,32.0214,3.33496,0.71143,1.87183,0.275,1,0.38666,0.2806,0.07317,0.36364,0.03405,0.00654,1.00003,63.6344,1.00217,15.9051,3.48652,0.0019208,0.0019208,0.0019208
8,208.829,1.05461,31.2088,2.94254,0.71966,1.84115,0.96427,1,0.995,0.71255,0.08773,0.09091,0.04533,0.01449,1.07665,43.5245,1.61123,2.80196,2.48799,0.0019076,0.0019076,0.0019076
9,225.739,0.98971,27.1379,2.89773,0.69672,1.72539,0.97277,1,0.995,0.81791,0.97277,1,0.995,0.22803,0.82552,26.0719,1.97995,4.63835,1.78869,0.0018944,0.0018944,0.0018944
10,247.077,0.94445,23.6729,2.8554,0.6193,1.70395,0.99014,1,0.995,0.89328,0.99014,1,0.995,0.57836,0.73327,18.5702,1.80323,0.54702,1.6194,0.0018812,0.0018812,0.0018812
11,267.245,0.8785,20.6347,2.56098,0.59694,1.60234,0.97014,1,0.995,0.84778,0.97014,1,0.995,0.55866,0.68221,14.5775,1.65702,1.55774,1.41957,0.001868,0.001868,0.001868
12,287.103,0.90809,16.4501,2.63462,0.59605,1.62987,0.9831,1,0.995,0.83336,0.9831,1,0.995,0.78302,0.8453,10.416,1.1817,1.39762,1.71189,0.0018548,0.0018548,0.0018548
13,307.399,0.89012,14.4434,2.65755,0.5725,1.59134,0.99397,1,0.995,0.8772,0.99397,1,0.995,0.67645,0.66466,8.54703,1.32273,0.49877,1.46184,0.0018416,0.0018416,0.0018416
14,327.081,0.8694,13.1223,2.40284,0.56226,1.51459,0.97944,1,0.995,0.8955,0.97944,1,0.995,0.82604,0.73923,7.12564,1.33874,1.31802,1.54041,0.0018284,0.0018284,0.0018284
15,347.619,0.85703,12.2922,2.49901,0.53413,1.52952,0.98874,1,0.995,0.91576,0.98874,1,0.995,0.82658,0.58301,5.85607,1.41943,0.51622,1.41569,0.0018152,0.0018152,0.0018152
16,367.748,0.85155,12.3041,2.28201,0.54104,1.60373,0.99502,1,0.995,0.88829,0.99502,1,0.995,0.84688,0.78547,7.25208,1.63621,0.53198,1.67455,0.001802,0.001802,0.001802
17,387.268,0.79418,10.5618,2.28196,0.50448,1.48996,0.99475,1,0.995,0.95381,0.99475,1,0.995,0.9206,0.47475,3.68545,1.3821,0.43123,1.28503,0.0017888,0.0017888,0.0017888
18,404.385,0.82663,10.4784,2.34042,0.51596,1.50531,0.99533,1,0.995,0.93873,0.99533,1,0.995,0.90265,0.47783,4.84463,1.20323,0.44978,1.28282,0.0017756,0.0017756,0.0017756
19,423.202,0.76191,10.2801,2.02901,0.49343,1.46015,0.99468,1,0.995,0.92861,0.99468,1,0.995,0.88932,0.49208,4.8601,1.0774,0.42745,1.28512,0.0017624,0.0017624,0.0017624
20,442.201,0.86609,10.7626,1.87554,0.52836,1.5245,0.97141,1,0.995,0.91994,0.97141,1,0.995,0.89401,0.57814,4.42204,0.98222,0.42183,1.39305,0.0017492,0.0017492,0.0017492
21,459.81,0.82873,11.7878,2.13194,0.49895,1.47055,0.99525,1,0.995,0.91714,0.99525,1,0.995,0.86776,0.52255,4.52326,0.80992,0.37813,1.31436,0.001736,0.001736,0.001736
22,477.959,0.78218,10.1428,1.92713,0.48857,1.4129,0.99348,1,0.995,0.87399,0.99348,1,0.995,0.90512,0.61967,4.25007,0.7645,0.49129,1.42104,0.0017228,0.0017228,0.0017228
23,495.575,0.77012,9.20214,1.79113,0.45797,1.41219,0.97087,1,0.995,0.83951,0.97087,1,0.995,0.83663,0.99549,7.9277,1.08563,0.70041,1.89095,0.0017096,0.0017096,0.0017096
24,511.359,0.81153,10.3792,1.97225,0.49542,1.4757,0.99448,1,0.995,0.8955,0.99448,1,0.995,0.84387,0.47575,5.77996,0.56854,0.41087,1.22742,0.0016964,0.0016964,0.0016964
25,531.399,0.74964,9.5861,1.68358,0.47983,1.36361,0.98508,1,0.995,0.90576,0.98508,1,0.995,0.88414,0.56489,7.13429,0.94783,0.51778,1.3335,0.0016832,0.0016832,0.0016832
26,551.727,0.77178,8.9496,1.82194,0.46135,1.41092,0.99516,1,0.995,0.91878,0.99516,1,0.995,0.93584,0.48238,3.18593,0.80314,0.31452,1.24112,0.00167,0.00167,0.00167
27,572.008,0.74168,8.30482,1.74682,0.44118,1.40319,0.99412,1,0.995,0.9187,0.99412,1,0.995,0.89015,0.46333,4.32845,0.58241,0.30955,1.25884,0.0016568,0.0016568,0.0016568
28,592.796,0.71578,7.58668,1.73405,0.42302,1.3698,0.99418,1,0.995,0.9215,0.99418,1,0.995,0.9019,0.45986,4.63377,0.58254,0.33338,1.23035,0.0016436,0.0016436,0.0016436
29,612.899,0.74014,7.23966,1.7778,0.4281,1.36441,1,1,0.995,0.93315,1,1,0.995,0.89114,0.42111,3.86126,0.62845,0.30932,1.17503,0.0016304,0.0016304,0.0016304
30,632.045,0.70788,6.63207,1.64364,0.43223,1.34093,0.99512,1,0.995,0.90846,0.99512,1,0.995,0.88292,0.43973,4.16627,0.65542,0.31207,1.20857,0.0016172,0.0016172,0.0016172
31,648.121,0.70844,5.96444,1.82243,0.43278,1.36196,0.99514,1,0.995,0.91241,0.99514,1,0.995,0.90379,0.459,3.99989,0.70685,0.35,1.21917,0.001604,0.001604,0.001604
32,663.879,0.71715,5.78336,1.73827,0.43294,1.33346,0.99513,1,0.995,0.96984,0.99513,1,0.995,0.92241,0.40279,3.5564,0.67474,0.30778,1.15994,0.0015908,0.0015908,0.0015908
33,679.746,0.70044,5.27633,1.69488,0.40428,1.31712,0.99532,1,0.995,0.9261,0.99532,1,0.995,0.84973,0.41231,5.05801,0.49386,0.30184,1.15549,0.0015776,0.0015776,0.0015776
34,695.633,0.71095,5.11262,1.69333,0.42267,1.30239,1,1,0.995,0.92477,1,1,0.995,0.91165,0.41516,3.68126,0.50513,0.28299,1.17489,0.0015644,0.0015644,0.0015644
35,712.274,0.62934,4.82368,1.52164,0.38856,1.28464,1,1,0.995,0.9502,1,1,0.995,0.96687,0.38051,2.77788,0.51779,0.282,1.0986,0.0015512,0.0015512,0.0015512
36,728.973,0.7116,4.64386,1.75892,0.40857,1.30406,1,1,0.995,0.90434,1,1,0.995,0.90937,0.49548,3.66307,0.61905,0.36415,1.24683,0.001538,0.001538,0.001538
37,745.845,0.69729,4.61953,1.49249,0.39643,1.31329,0.99514,1,0.995,0.91098,0.99514,1,0.995,0.90148,0.47871,3.88068,0.6201,0.33289,1.24016,0.0015248,0.0015248,0.0015248
38,762.457,0.70035,4.52237,1.69088,0.40583,1.27084,0.99496,1,0.995,0.95259,0.99496,1,0.995,0.92578,0.40935,3.65886,0.62867,0.31064,1.15767,0.0015116,0.0015116,0.0015116
39,778.682,0.67173,4.44376,1.47965,0.39944,1.30846,0.99504,1,0.995,0.91902,0.99504,1,0.995,0.94167,0.46828,2.97043,0.63195,0.30934,1.22663,0.0014984,0.0014984,0.0014984
40,794.774,0.67909,4.40591,1.63348,0.39818,1.26418,0.99511,1,0.995,0.93911,0.99511,1,0.995,0.93944,0.3444,2.83247,0.54585,0.28368,1.10139,0.0014852,0.0014852,0.0014852
41,810.956,0.72869,4.55281,1.72498,0.41119,1.32438,0.99517,1,0.995,0.92753,0.99517,1,0.995,0.91177,0.43022,3.51191,0.49494,0.27296,1.17252,0.001472,0.001472,0.001472
42,826.791,0.63344,4.89631,1.32886,0.38477,1.24605,1,1,0.995,0.91361,1,1,0.995,0.87853,0.41225,4.20195,0.44645,0.26364,1.14628,0.0014588,0.0014588,0.0014588
43,842.689,0.66587,5.25012,1.67122,0.40812,1.26681,1,1,0.995,0.97118,1,1,0.995,0.91213,0.439,3.72015,0.55444,0.31095,1.18683,0.0014456,0.0014456,0.0014456
44,860.517,0.68686,4.7268,1.7805,0.40102,1.28432,1,1,0.995,0.95042,1,1,0.995,0.8698,0.35129,4.6363,0.60485,0.27505,1.0755,0.0014324,0.0014324,0.0014324
45,876.402,0.65427,4.26335,1.44517,0.39162,1.23287,1,1,0.995,0.92324,1,1,0.995,0.96404,0.43215,3.07951,0.57141,0.28221,1.18093,0.0014192,0.0014192,0.0014192
46,891.971,0.62941,4.1482,1.54111,0.36295,1.24945,0.99503,1,0.995,0.90586,0.99503,1,0.995,0.90458,0.43487,3.86119,0.49995,0.30166,1.18728,0.001406,0.001406,0.001406
47,907.686,0.67111,4.14011,1.65281,0.39428,1.30512,0.995,1,0.995,0.92228,0.995,1,0.995,0.89464,0.38954,3.832,0.63621,0.27384,1.11546,0.0013928,0.0013928,0.0013928
48,923.352,0.66242,4.0575,1.51438,0.38127,1.24559,1,1,0.995,0.91495,1,1,0.995,0.94668,0.42468,3.12838,0.66364,0.27425,1.13705,0.0013796,0.0013796,0.0013796
49,939.147,0.64623,3.89402,1.51575,0.38302,1.26021,0.99486,1,0.995,0.95461,0.99486,1,0.995,0.92957,0.49482,3.0332,0.60686,0.33652,1.24953,0.0013664,0.0013664,0.0013664
50,955.76,0.64474,4.05609,1.45324,0.39032,1.27069,0.99527,1,0.995,0.92228,0.99527,1,0.995,0.93974,0.41107,3.09719,0.39118,0.28637,1.13903,0.0013532,0.0013532,0.0013532
51,972.369,0.72699,4.20661,1.79102,0.41392,1.33126,0.99444,1,0.995,0.9068,0.99444,1,0.995,0.89889,0.42344,4.22507,0.4448,0.33601,1.14377,0.00134,0.00134,0.00134
52,988.806,0.66537,4.44972,1.39765,0.40828,1.28173,0.99324,1,0.995,0.91299,0.99324,1,0.995,0.89779,0.4387,3.52866,0.49589,0.31992,1.15149,0.0013268,0.0013268,0.0013268
53,1005.33,0.64598,4.35966,1.39022,0.3847,1.22397,0.99507,1,0.995,0.96784,0.99507,1,0.995,0.90365,0.38858,3.41577,0.41692,0.26109,1.12017,0.0013136,0.0013136,0.0013136
54,1021.35,0.65147,4.09701,1.55196,0.38562,1.22142,1,1,0.995,0.98379,1,1,0.995,0.93627,0.35392,3.44998,0.45528,0.287,1.10858,0.0013004,0.0013004,0.0013004
55,1037.32,0.56791,3.88395,1.31584,0.36896,1.15114,1,1,0.995,0.9609,1,1,0.995,0.9285,0.36234,3.29476,0.43238,0.27774,1.09181,0.0012872,0.0012872,0.0012872
56,1053.3,0.59051,3.82947,1.32108,0.36127,1.20417,0.99075,1,0.995,0.97489,0.99075,1,0.995,0.94677,0.33746,3.13524,0.48487,0.25997,1.05712,0.001274,0.001274,0.001274
57,1069.31,0.65709,3.88271,1.46929,0.38563,1.28923,0.99484,1,0.995,0.9681,0.99484,1,0.995,0.95047,0.36933,3.27386,0.41542,0.32899,1.05853,0.0012608,0.0012608,0.0012608
58,1085.12,0.63601,3.60016,1.49659,0.3694,1.20521,1,1,0.995,0.93063,1,1,0.995,0.9375,0.40107,3.09133,0.35179,0.25822,1.11331,0.0012476,0.0012476,0.0012476
59,1100.92,0.64346,3.79542,1.52797,0.38723,1.216,0.99511,1,0.995,0.97653,0.99511,1,0.995,0.90042,0.35403,3.73297,0.44229,0.27517,1.07452,0.0012344,0.0012344,0.0012344
60,1116.56,0.62647,3.92588,1.34722,0.40404,1.17594,1,1,0.995,0.97508,1,1,0.995,0.94971,0.34932,3.02223,0.41103,0.25512,1.05955,0.0012212,0.0012212,0.0012212
61,1132.19,0.59705,3.76287,1.45967,0.37208,1.19207,1,1,0.995,0.95654,1,1,0.995,0.94606,0.36278,3.06316,0.37578,0.26803,1.0981,0.001208,0.001208,0.001208
62,1147.73,0.61059,3.83867,1.49317,0.38158,1.20115,0.99519,1,0.995,0.97198,0.99519,1,0.995,0.91494,0.37195,3.32903,0.44596,0.28453,1.10253,0.0011948,0.0011948,0.0011948
63,1162.94,0.59874,3.89744,1.4706,0.37089,1.19339,0.99336,1,0.995,0.93777,0.99336,1,0.995,0.91405,0.35103,3.16074,0.41289,0.26557,1.0444,0.0011816,0.0011816,0.0011816
64,1178.37,0.6677,4.13169,1.69876,0.38423,1.24915,0.99351,1,0.995,0.92444,0.99351,1,0.995,0.95178,0.3923,2.75424,0.38521,0.27614,1.11637,0.0011684,0.0011684,0.0011684
65,1193.97,0.67862,4.18375,1.51811,0.37629,1.26858,0.9948,1,0.995,0.91717,0.9948,1,0.995,0.9107,0.49237,3.56504,0.58587,0.34257,1.25735,0.0011552,0.0011552,0.0011552
66,1209.61,0.62362,4.33416,1.52691,0.38227,1.16963,1,1,0.995,0.98469,1,1,0.995,0.90597,0.33729,3.22724,0.50097,0.27772,1.07169,0.001142,0.001142,0.001142
67,1225.24,0.61011,3.92939,1.34523,0.35407,1.16885,1,1,0.995,0.91452,1,1,0.995,0.90757,0.43117,3.61664,0.44017,0.26498,1.1105,0.0011288,0.0011288,0.0011288
68,1241,0.67325,3.88329,1.62582,0.37327,1.21688,1,1,0.995,0.95792,1,1,0.995,0.93338,0.40327,3.26223,0.44799,0.2619,1.06628,0.0011156,0.0011156,0.0011156
69,1256.6,0.62631,3.68568,1.4119,0.37031,1.17296,1,1,0.995,0.98379,1,1,0.995,0.90821,0.31759,3.9378,0.4463,0.30157,1.00519,0.0011024,0.0011024,0.0011024
70,1272.31,0.58007,3.53433,1.47687,0.35031,1.14706,1,1,0.995,0.975,1,1,0.995,0.96934,0.3154,2.80235,0.40664,0.25894,1.01834,0.0010892,0.0010892,0.0010892
71,1288.13,0.58751,3.54612,1.41565,0.35698,1.13106,1,1,0.995,0.975,1,1,0.995,0.9321,0.33954,3.25405,0.40631,0.26355,1.02666,0.001076,0.001076,0.001076
72,1303.86,0.6049,3.5521,1.4718,0.35644,1.16249,1,1,0.995,0.98469,1,1,0.995,0.95715,0.34066,3.28257,0.47683,0.26506,1.02035,0.0010628,0.0010628,0.0010628
73,1321.61,0.56091,3.33473,1.35376,0.34945,1.0945,1,1,0.995,0.98968,1,1,0.995,0.96818,0.30988,2.64668,0.41895,0.24005,0.97955,0.0010496,0.0010496,0.0010496
74,1341.97,0.60675,3.35394,1.76131,0.34596,1.1956,1,1,0.995,0.975,1,1,0.995,0.96238,0.37298,2.86096,0.4323,0.25332,1.0742,0.0010364,0.0010364,0.0010364
75,1362.21,0.61458,3.331,1.76076,0.36054,1.17495,1,1,0.995,0.9905,1,1,0.995,0.92061,0.33822,3.46621,0.56753,0.27128,1.06323,0.0010232,0.0010232,0.0010232
76,1382.34,0.59132,3.20262,1.39948,0.34617,1.15317,1,1,0.995,0.98469,1,1,0.995,0.933,0.34586,2.94333,0.55518,0.23809,1.03688,0.00101,0.00101,0.00101
77,1402.67,0.59076,3.20336,1.48306,0.34399,1.15324,1,1,0.995,0.97002,1,1,0.995,0.96934,0.34886,2.82688,0.44808,0.23847,1.04094,0.0009968,0.0009968,0.0009968
78,1422.93,0.56074,3.24693,1.49985,0.33474,1.13438,1,1,0.995,0.98469,1,1,0.995,0.95754,0.31652,3.07293,0.40304,0.22679,1.01347,0.0009836,0.0009836,0.0009836
79,1443.07,0.56549,3.31213,1.49614,0.35614,1.13433,1,1,0.995,0.995,1,1,0.995,0.9829,0.29472,2.59103,0.42365,0.24237,0.98627,0.0009704,0.0009704,0.0009704
80,1463.37,0.56439,3.12249,1.36468,0.33843,1.1419,0.99535,1,0.995,0.98405,0.99535,1,0.995,0.97094,0.30233,2.5267,0.43473,0.24238,1.00273,0.0009572,0.0009572,0.0009572
81,1483.53,0.56746,2.84836,1.42335,0.33998,1.13897,0.99536,1,0.995,0.995,0.99536,1,0.995,0.96721,0.31229,2.22746,0.48403,0.2372,0.99092,0.000944,0.000944,0.000944
82,1503.97,0.58088,2.89152,1.53783,0.34599,1.17663,0.99541,1,0.995,0.95557,0.99541,1,0.995,0.96721,0.32042,2.51301,0.47361,0.25313,1.00519,0.0009308,0.0009308,0.0009308
83,1524.24,0.56106,2.80581,1.42092,0.33184,1.11864,1,1,0.995,0.96358,1,1,0.995,0.98379,0.31229,2.0319,0.46755,0.24861,1.00417,0.0009176,0.0009176,0.0009176
84,1544.41,0.59628,2.81005,1.50473,0.34769,1.17039,1,1,0.995,0.98227,1,1,0.995,0.982,0.33646,2.36826,0.453,0.23889,0.99892,0.0009044,0.0009044,0.0009044
85,1564.84,0.58479,2.8143,1.56486,0.34677,1.1701,1,1,0.995,0.97654,1,1,0.995,0.96818,0.30258,2.33721,0.40664,0.22312,0.97939,0.0008912,0.0008912,0.0008912
86,1585.22,0.56422,2.77283,1.41218,0.33709,1.12173,1,1,0.995,0.96548,1,1,0.995,0.98227,0.36345,2.09807,0.43052,0.24449,1.03423,0.000878,0.000878,0.000878
87,1605.7,0.54953,2.76911,1.37737,0.3275,1.10883,0.99531,1,0.995,0.99013,0.99531,1,0.995,0.9819,0.31425,2.01943,0.40986,0.23135,0.99135,0.0008648,0.0008648,0.0008648
88,1626.04,0.54422,2.37697,1.35784,0.31862,1.11876,1,1,0.995,0.97108,1,1,0.995,0.995,0.31805,1.82964,0.44422,0.22504,0.99365,0.0008516,0.0008516,0.0008516
89,1646.38,0.5444,2.55493,1.47554,0.32556,1.12081,0.99526,1,0.995,0.94939,0.99526,1,0.995,0.98276,0.34649,1.75545,0.4569,0.2201,1.01942,0.0008384,0.0008384,0.0008384
90,1666.78,0.58544,2.35957,1.48315,0.34361,1.16016,1,1,0.995,0.97929,1,1,0.995,0.96988,0.29311,2.05886,0.4244,0.24151,0.98962,0.0008252,0.0008252,0.0008252
91,1687.02,0.58957,2.31752,1.47498,0.34217,1.12244,1,1,0.995,0.995,1,1,0.995,0.995,0.28246,1.66946,0.38283,0.24117,0.96188,0.000812,0.000812,0.000812
92,1707.32,0.5905,2.23266,1.6398,0.33548,1.14895,1,1,0.995,0.98006,1,1,0.995,0.995,0.3275,2.13952,0.53991,0.2524,1.01269,0.0007988,0.0007988,0.0007988
93,1727.49,0.54151,2.63209,1.26778,0.33277,1.13716,0.99535,1,0.995,0.91915,0.99535,1,0.995,0.94507,0.39703,2.33856,0.43012,0.23736,1.09891,0.0007856,0.0007856,0.0007856
94,1747.88,0.57475,2.45147,1.4274,0.34949,1.09636,0.99535,1,0.995,0.98408,0.99535,1,0.995,0.98326,0.31515,2.04847,0.48517,0.23519,0.99129,0.0007724,0.0007724,0.0007724
95,1768.39,0.57559,2.39063,1.42417,0.33147,1.12388,1,1,0.995,0.995,1,1,0.995,0.995,0.26496,1.72048,0.3857,0.21798,0.96826,0.0007592,0.0007592,0.0007592
96,1788.8,0.55675,2.25376,1.54132,0.33323,1.14513,1,1,0.995,0.96548,1,1,0.995,0.995,0.31381,1.49321,0.33782,0.24094,0.97631,0.000746,0.000746,0.000746
97,1809.08,0.58785,2.25963,1.60719,0.34603,1.13824,1,1,0.995,0.98886,1,1,0.995,0.995,0.29705,1.5035,0.45342,0.22967,0.96881,0.0007328,0.0007328,0.0007328
98,1829.51,0.54661,2.32987,1.33196,0.32682,1.07736,1,1,0.995,0.9905,1,1,0.995,0.995,0.2987,1.45572,0.54144,0.21624,0.98944,0.0007196,0.0007196,0.0007196
99,1849.82,0.57383,2.07122,1.59025,0.33645,1.09571,1,1,0.995,0.995,1,1,0.995,0.995,0.29013,1.31979,0.46023,0.22305,0.9836,0.0007064,0.0007064,0.0007064
100,1870.32,0.56783,2.22295,1.5533,0.32988,1.12825,1,1,0.995,0.995,1,1,0.995,0.995,0.28917,1.63288,0.42467,0.22404,0.97732,0.0006932,0.0006932,0.0006932
101,1890.95,0.56713,2.15743,1.55232,0.32825,1.104,0.99519,1,0.995,0.93958,0.99519,1,0.995,0.995,0.32662,1.43453,0.40689,0.22001,0.9983,0.00068,0.00068,0.00068
102,1911.24,0.60268,2.2728,1.57425,0.34347,1.16364,0.99524,1,0.995,0.98405,0.99524,1,0.995,0.995,0.29022,1.53472,0.47692,0.21663,0.98546,0.0006668,0.0006668,0.0006668
103,1931.6,0.58822,2.36508,1.51296,0.33711,1.13051,1,1,0.995,0.97108,1,1,0.995,0.98314,0.28916,1.60146,0.55133,0.23991,0.9959,0.0006536,0.0006536,0.0006536
104,1952.03,0.5517,2.26574,1.18833,0.32263,1.08496,1,1,0.995,0.93063,1,1,0.995,0.995,0.33981,1.41543,0.48022,0.23868,1.01543,0.0006404,0.0006404,0.0006404
105,1972.47,0.5587,2.21214,1.46873,0.32087,1.12627,1,1,0.995,0.9905,1,1,0.995,0.995,0.30599,1.28288,0.61682,0.22346,1.00341,0.0006272,0.0006272,0.0006272
106,1993.01,0.54334,2.16238,1.44412,0.32079,1.11138,1,1,0.995,0.982,1,1,0.995,0.9905,0.29992,1.77647,0.40154,0.2245,0.971,0.000614,0.000614,0.000614
107,2013.39,0.6044,2.19408,1.57495,0.34214,1.11964,1,1,0.995,0.97608,1,1,0.995,0.995,0.3303,1.26882,0.44831,0.22983,0.99638,0.0006008,0.0006008,0.0006008
108,2033.83,0.50978,1.86622,1.26209,0.30725,1.07304,1,1,0.995,0.9829,1,1,0.995,0.995,0.30147,1.20982,0.55177,0.21342,0.97301,0.0005876,0.0005876,0.0005876
109,2054.35,0.54803,1.90222,1.40501,0.31698,1.09272,1,1,0.995,0.98379,1,1,0.995,0.995,0.27466,1.32374,0.64176,0.20537,0.96543,0.0005744,0.0005744,0.0005744
110,2074.82,0.50219,1.90076,1.27171,0.29902,1.10709,1,1,0.995,0.9905,1,1,0.995,0.995,0.26828,1.2612,0.58295,0.2386,0.96551,0.0005612,0.0005612,0.0005612
111,2092.42,0.5687,1.86322,1.55004,0.33612,1.15461,0.99523,1,0.995,0.995,0.99523,1,0.995,0.995,0.28096,1.09615,0.45471,0.21659,0.97515,0.000548,0.000548,0.000548
112,2110.38,0.52801,1.81353,1.28322,0.31264,1.13134,0.99531,1,0.995,0.995,0.99531,1,0.995,0.995,0.29866,1.26324,0.43738,0.21744,0.9947,0.0005348,0.0005348,0.0005348
113,2127.54,0.52742,1.82244,1.42396,0.31209,1.07881,0.99553,1,0.995,0.99013,0.99553,1,0.995,0.995,0.24797,1.04578,0.41886,0.21014,0.93409,0.0005216,0.0005216,0.0005216
114,2145.2,0.53429,1.72872,1.53214,0.31609,1.09687,1,1,0.995,0.9905,1,1,0.995,0.995,0.28993,1.28656,0.53716,0.2154,0.97312,0.0005084,0.0005084,0.0005084
115,2164.85,0.50823,1.70692,1.42128,0.3013,1.10274,1,1,0.995,0.98968,1,1,0.995,0.995,0.29608,1.15018,0.57585,0.21491,0.97993,0.0004952,0.0004952,0.0004952
116,2181.56,0.4994,1.67078,1.32413,0.29703,1.06927,1,1,0.995,0.97708,1,1,0.995,0.995,0.28068,1.02091,0.53466,0.22465,0.96904,0.000482,0.000482,0.000482
117,2200.13,0.51774,1.71913,1.44792,0.3071,1.09108,1,1,0.995,0.97808,1,1,0.995,0.995,0.2525,1.14015,0.49999,0.20597,0.96008,0.0004688,0.0004688,0.0004688
118,2220.03,0.51911,1.61137,1.47395,0.30872,1.08995,1,1,0.995,0.98968,1,1,0.995,0.995,0.25131,1.15138,0.48194,0.21107,0.94377,0.0004556,0.0004556,0.0004556
119,2237.46,0.53768,1.68778,1.58018,0.31413,1.10659,1,1,0.995,0.9905,1,1,0.995,0.995,0.29812,1.03639,0.46758,0.21873,0.958,0.0004424,0.0004424,0.0004424
120,2253.8,0.53299,1.57183,1.4994,0.3171,1.0924,1,1,0.995,0.9905,1,1,0.995,0.995,0.28582,1.08542,0.55358,0.20077,0.95675,0.0004292,0.0004292,0.0004292
121,2279.74,0.54805,1.66557,1.33654,0.32268,1.08305,1,1,0.995,0.9775,1,1,0.995,0.995,0.27987,1.23039,0.48706,0.21243,0.94765,0.000416,0.000416,0.000416
122,2299.38,0.46844,1.49767,1.10764,0.28374,1.02345,1,1,0.995,0.9905,1,1,0.995,0.995,0.28737,1.09839,0.55231,0.24657,0.95749,0.0004028,0.0004028,0.0004028
123,2318.27,0.58572,1.54126,1.7198,0.34099,1.17372,1,1,0.995,0.96548,1,1,0.995,0.995,0.34802,0.88924,0.55502,0.23558,1.00342,0.0003896,0.0003896,0.0003896
124,2337.07,0.56255,1.4705,1.47126,0.32258,1.11983,1,1,0.995,0.9905,1,1,0.995,0.995,0.25957,0.84085,0.53726,0.20238,0.94017,0.0003764,0.0003764,0.0003764
125,2352.82,0.49782,1.43684,1.21147,0.2978,1.03049,1,1,0.995,0.98314,1,1,0.995,0.995,0.30036,0.83072,0.44427,0.23509,0.95958,0.0003632,0.0003632,0.0003632
126,2370.03,0.57698,1.49512,1.59372,0.33536,1.1275,1,1,0.995,0.995,1,1,0.995,0.995,0.25618,1.03665,0.43023,0.20289,0.95918,0.00035,0.00035,0.00035
127,2387.76,0.50248,1.43511,1.54602,0.30635,1.07396,1,1,0.995,0.9905,1,1,0.995,0.995,0.27536,1.04709,0.44904,0.23251,0.9673,0.0003368,0.0003368,0.0003368
128,2406.48,0.49445,1.45572,1.47938,0.30148,1.05775,1,1,0.995,0.995,1,1,0.995,0.995,0.26063,0.89864,0.52337,0.20915,0.94195,0.0003236,0.0003236,0.0003236
129,2424.04,0.51903,1.43949,1.44473,0.30957,1.06356,1,1,0.995,0.995,1,1,0.995,0.995,0.27149,1.02777,0.49385,0.21839,0.94419,0.0003104,0.0003104,0.0003104
130,2443.12,0.5229,1.47403,1.48774,0.31371,1.0509,1,1,0.995,0.995,1,1,0.995,0.995,0.29242,0.90862,0.50443,0.20162,0.95643,0.0002972,0.0002972,0.0002972
131,2461.96,0.52591,1.41704,1.57612,0.31995,1.09143,1,1,0.995,0.995,1,1,0.995,0.995,0.2643,0.95431,0.43998,0.20322,0.93276,0.000284,0.000284,0.000284
132,2480.44,0.4892,1.38376,1.50507,0.308,1.06171,1,1,0.995,0.995,1,1,0.995,0.995,0.26109,0.8102,0.48325,0.22427,0.93706,0.0002708,0.0002708,0.0002708
133,2497.8,0.52911,1.3036,1.58482,0.31706,1.03729,1,1,0.995,0.995,1,1,0.995,0.995,0.24311,0.87796,0.5683,0.21649,0.92171,0.0002576,0.0002576,0.0002576
134,2514.75,0.5164,1.33011,1.40517,0.31171,1.06026,1,1,0.995,0.96358,1,1,0.995,0.995,0.30019,0.81236,0.47595,0.22789,0.95138,0.0002444,0.0002444,0.0002444
135,2531.96,0.51957,1.33477,1.5545,0.30811,1.08217,1,1,0.995,0.995,1,1,0.995,0.995,0.2332,0.84068,0.49454,0.20554,0.91934,0.0002312,0.0002312,0.0002312
136,2550.99,0.47423,1.26048,1.30851,0.28338,1.0441,1,1,0.995,0.9905,1,1,0.995,0.995,0.25792,0.75214,0.50888,0.19832,0.93586,0.000218,0.000218,0.000218
137,2566.76,0.47629,1.25994,1.24751,0.28837,1.02768,1,1,0.995,0.9905,1,1,0.995,0.995,0.25725,0.72782,0.47908,0.18865,0.93696,0.0002048,0.0002048,0.0002048
138,2583.61,0.47969,1.23175,1.37454,0.28736,1.05749,1,1,0.995,0.995,1,1,0.995,0.995,0.24565,0.7643,0.47225,0.18753,0.92464,0.0001916,0.0001916,0.0001916
139,2602.42,0.50282,1.2547,1.41617,0.29509,1.07038,1,1,0.995,0.9905,1,1,0.995,0.995,0.25604,0.80689,0.47345,0.18282,0.92622,0.0001784,0.0001784,0.0001784
140,2620.69,0.52627,1.19131,1.45523,0.30265,1.02779,1,1,0.995,0.9905,1,1,0.995,0.995,0.25925,0.76523,0.43619,0.18479,0.92002,0.0001652,0.0001652,0.0001652
141,2639.86,0.51414,1.18999,1.49733,0.29832,1.03792,1,1,0.995,0.9905,1,1,0.995,0.995,0.25152,0.69793,0.41755,0.17524,0.92101,0.000152,0.000152,0.000152
